cluster,count,center_lat,center_lon
0,20000,12.980795957734884,77.59952178292129
